Workbook
Name 表: _xleta.GET.WORKBOOK
Name 表: _xleta.GET.WORKBOOK
Name 表: _xleta.GET.WORKBOOK
Name 更新: _xleta.GET.WORKBOOK
Name 试验: _xleta.GET.WORKBOOK
Name 运算实验: _xleta.GET.WORKBOOK

Sheet 目录

Sheet 构建风险判断矩阵
A1: 返回主目录 | B1: 下一步
A2: 外墙病害准则层判断矩阵R | G2: 一致性检验 | O2: n | Q2: 一致性检验RI值
A3: 准则层R | B3: 开裂宽度 | C3: 空鼓面积 | D3: 剥落面积 | E3: 几何平均 | F3: 权重 | G3: Aw | H3: 入= | I3: =(G4/F4+G5/F5+G6/F6)*1/3 -> 3.0055291 | O3: 3 | Q3: 阶数n | R3: 1 | S3: 2 | T3: 3 | U3: 4 | V3: 5 | W3: 6 | X3: 7 | Y3: 8 | Z3: 9 | AA3: 10 | AB3: 11 | AC3: 12 | AD3: 13 | AE3: 14 | AF3: 15
A4: 开裂宽度 | B4: 1 | C4: 0.5 | D4: 0.33 | E4: =(B4*C4*D4)^(1/3) -> 0.54848066 | F4: =E4/E7 -> 0.16296662 | G4: =B4*F4+C4*F5+D4*F6 -> 0.48969867 | H4: 阶数n= | I4: 3 | O4: 4 | Q4: RI值 | R4: 0 | S4: 0 | T4: 0.52 | U4: 0.89 | V4: 1.12 | W4: 1.26 | X4: 1.36 | Y4: 1.41 | Z4: 1.46 | AA4: 0.49 | AB4: 0.52 | AC4: 1.54 | AD4: 1.56 | AE4: 1.58 | AF4: 1.59
A5: 空鼓面积 | B5: 2 | C5: 1 | D5: 0.5 | E5: =(B5*C5*D5)^(1/3) -> 1 | F5: =E5/E7 -> 0.29712373 | G5: =B5*F4+C5*F5+D5*F6 -> 0.89301179 | H5: CI= | I5: =(I3-I4)/(I4-1) -> 0.0027645549
A6: 剥落面积 | B6: 3 | C6: 2 | D6: 1 | E6: =(B6*C6*D6)^(1/3) -> 1.8171206 | F6: =E6/E7 -> 0.53990965 | G6: =B6*F4+C6*F5+D6*F6 -> 1.623057 | H6: RI= | I6: =IF(I4=3,0.52,0.89) -> 0.52
A7: 列项和 | E7: =E4+E5+E6 -> 3.3656012 | F7: =SUM(F4:F6) -> 1 | H7: CR= | I7: =I5/I6 -> 0.0053164517
G8: =IF(I7<=0.1,"一致性检验结果：一致性可行","一致性检验结果：重新打分！") -> 一致性检验结果：一致性可行
A10: 说明：根据剥落>空鼓>开裂的影响程度，构建的判断矩阵比例为1:2:3。

Sheet 确定指标权重
A1: 返回主目录 | B1: 上一步 | C1: 下一步
A2: 外墙病害风险评估指标权重表
A3: 准则层 | B3: 准则层权重 | C3: 方案层 | D3: 方案层权重 | E3: 综合权重
A4: 开裂宽度 | B4: =构建风险判断矩阵!F4 -> 0.16296662 | C4: 开裂宽度 | D4: =100% -> 1 | E4: =B4*D4 -> 0.16296662
A5: 空鼓面积 | B5: =构建风险判断矩阵!F5 -> 0.29712373 | C5: 空鼓面积 | D5: =100% -> 1 | E5: =B5*D5 -> 0.29712373
A6: 剥落面积 | B6: =构建风险判断矩阵!F6 -> 0.53990965 | C6: 剥落面积 | D6: =100% -> 1 | E6: =B6*D6 -> 0.53990965
A7: 合计 | E7: =SUM(E4:E6) -> 1

Sheet 测算指标实际值 
A1: 返回主目录 | B1: 上一步 | C1: 下一步
A2: 指标实际值测算表
A3: 房屋编号 | B3: 001
A4: 指标 | B4: 实际值 | C4: 单位 | D4: 风险叠加系数
A5: 开裂宽度 | B5: 1.2 | C5: mm | D5: =IF(AND(B5>1,B5>0.04,B7>1),1.5,IF(OR(AND(B5>1,B6>0.04),AND(B5>1,B7>1),AND(B6>0.04,B7>1)),1.3,1)) -> 1.3
A6: 空鼓面积 | B6: 3 | C6: ㎡
A7: 剥落面积 | B7: 0 | C7: ㎡
A9: 请根据实际情况键入三项指标 风险叠加系数说明： 三项指标均达到严重等级：系数1.5 任意两项指标达到严重等级：系数1.3 其他情况：系数1.0 严重等级标准： 开裂宽度 > 1.0mm 空鼓面积 > 0.04㎡ 剥落面积 > 1.0㎡

Sheet 计算外墙病害风险评分
A1: 返回主目录 | B1: 上一步 | C1: 下一步
A2: 房屋001风险评分表
A3: 指标 | C3: 权重 | D3: 实际值 | E3: 本档标准系数 | F3: 上档标准系数 | G3: 判断本档标准值 | H3: 判断上档标准值 | I3: 功效系数 | J3: 本档基础分 | K3: 调整分 | L3: 单项得分 | M3: 单项指数 | N3: 叠加前综合指数 | O3: 风险叠加系数 | P3: 最终综合指数 | Q3: 综合风险等级 | T3: 0.2 优秀值 | U3: 0.4 良好值 | V3: 0.6 平均值 | W3: 0.8 较低值 | X3: 1.0 较差值
A4: 开裂宽度 | C4: =确定指标权重!E4*100 -> 16.296662 | D4: ='测算指标实际值 '!B5 -> 1.2 | E4: =IF(D4<$T4,0,IF(D4<$U4,0.2,IF(D4<$V4,0.4,IF(D4<$W4,0.6,IF(D4<$X4,0.8,1))))) -> 1 | F4: =IF(E4=1,"--",E4+0.2) -> -- | G4: =IF(D4<$T4,"--",IF(D4<$U4,$T4,IF(D4<$V4,$U4,IF(D4<$W4,$V4,IF(D4<$X4,$W4,IF(D4>$X4,$X4)))))) -> 1 | H4: =IF(D4<$T4,$T4,IF(D4<$U4,$U4,IF(D4<$V4,$V4,IF(D4<$W4,$W4,IF(D4<$X4,$X4,IF(D4>$X4,"--")))))) -> -- | I4: =IF(E4=0,0,IF(E4=1,1,($D4-$G4)/($H4-$G4))) -> 1 | J4: =C4*E4 -> 16.296662 | K4: =IF(I4=1,0,I4*C4*0.2) -> 0 | L4: =J4+K4 -> 16.296662 | M4: =L4/C4 -> 1 | N4: =SUM(L4:L6)/100 -> 0.46009035 | O4: ='测算指标实际值 '!D5 -> 1.3 | P4: =N4*O4 -> 0.59811745 | Q4: =IF(P4<0.4,"无风险",IF(P4<0.5,"关注风险",IF(P4<0.7,"较大风险",IF(P4<0.85,"高风险","重大风险")))) -> 较大风险 | T4: 0.2 | U4: 0.4 | V4: 0.6 | W4: 0.8 | X4: 1
A5: 空鼓面积 | C5: =确定指标权重!E5*100 -> 29.712373 | D5: ='测算指标实际值 '!B6 -> 3 | E5: =IF(D5<$T5,0,IF(D5<$U5,0.2,IF(D5<$V5,0.4,IF(D5<$W5,0.6,IF(D5<$X5,0.8,1))))) -> 1 | F5: =IF(E5=1,"--",E5+0.2) -> -- | G5: =IF(D5<$T5,"--",IF(D5<$U5,$T5,IF(D5<$V5,$U5,IF(D5<$W5,$V5,IF(D5<$X5,$W5,IF(D5>$X5,$X5)))))) -> 0.04 | H5: =IF(D5<$T5,$T5,IF(D5<$U5,$U5,IF(D5<$V5,$V5,IF(D5<$W5,$W5,IF(D5<$X5,$X5,IF(D5>$X5,"--")))))) -> -- | I5: =IF(E5=0,0,IF(E5=1,1,($D5-$G5)/($H5-$G5))) -> 1 | J5: =C5*E5 -> 29.712373 | K5: =IF(I5=1,0,I5*C5*0.2) -> 0 | L5: =J5+K5 -> 29.712373 | M5: =L5/C5 -> 1 | T5: 0 | U5: 0.01 | V5: 0.02 | W5: 0.03 | X5: 0.04
A6: 剥落面积 | C6: =确定指标权重!E6*100 -> 53.990965 | D6: ='测算指标实际值 '!B7 -> 0 | E6: =IF(D6<$T6,0,IF(D6<$U6,0.2,IF(D6<$V6,0.4,IF(D6<$W6,0.6,IF(D6<$X6,0.8,1))))) -> 0 | F6: =IF(E6=1,"--",E6+0.2) -> 0.2 | G6: =IF(D6<$T6,"--",IF(D6<$U6,$T6,IF(D6<$V6,$U6,IF(D6<$W6,$V6,IF(D6<$X6,$W6,IF(D6>$X6,$X6)))))) -> -- | H6: =IF(D6<$T6,$T6,IF(D6<$U6,$U6,IF(D6<$V6,$V6,IF(D6<$W6,$W6,IF(D6<$X6,$X6,IF(D6>$X6,"--")))))) -> 0.2 | I6: =IF(E6=0,0,IF(E6=1,1,($D6-$G6)/($H6-$G6))) -> 0 | J6: =C6*E6 -> 0 | K6: =IF(I6=1,0,I6*C6*0.2) -> 0 | L6: =J6+K6 -> 0 | M6: =L6/C6 -> 0 | T6: 0.2 | U6: 0.4 | V6: 0.6 | W6: 0.8 | X6: 1
A9: 说明：1.本档标准系数：根据实际值对比标准值确定档位（0-1）。 2.单项得分 = 本档基础分 + 调整分。 3.综合得分 = 各单项得分之和。 4.风险叠加机制：考虑多种病害同时存在时的风险放大效应 ①系数1.5（三项严重）： 风险放大50% 依据：三种严重病害同时存在，结构安全性急剧下降 工程表现：可能需要紧急加固或部分拆除重建 ②系数1.3（两项严重）： 风险放大30% 依据：两种严重病害组合，安全隐患显著增加 工程表现：需要立即专业处理，可能涉及较大范围修复 ③系数1.0（其他情况）： 无显著风险叠加 依据：单一病害或轻度组合，风险相对可控 工程表现：可按常规维护计划处理 5.投保金额：根据风险等级映射，直接投保金额为修缮后投保的1.3倍（A级除外）。

Sheet 外墙病害风险评价结果
A1: 所有房屋的风险评价和投保金额
A2: 风险状态 | B2: 重大风险 | C2: 大风险 | D2: 较大风险 | E2: 关注风险 | F2: 无风险
A3: 指数区间 | B3: 指数<0.4 | C3: 0.40≤指数<0.50 | D3: 0.50≤指数<0.7 | E3: 0.70≤指数<0.85 | F3: 0.85≤指数≤1
A4: 定级 | B4: A | C4: B | D4: C | E4: D | F4: E
J5: 直接投保
J6: 修缮后投保 | L6: 2
J7: A | K7: 10000 | L7: =K7*1.3 -> 13000
J8: B | K8: 8000 | L8: =K8*1.3 -> 10400
A9: 基础费率 | E9: 面积系数表 | G9: 保额系数表 | J9: C | K9: 5000 | L9: =K9*1.3 -> 6500
A10: 风险等级 | B10: 级别 | C10: 修缮后投保基础费 | D10: 直接投保基础费 | E10: 面积范围(㎡) | F10: 系数 | G10: 保额(万元) | H10: 系数 | J10: D | K10: 3000 | L10: =K10*1.3 -> 3900
A11: 重大风险 | B11: A | C11: 10000 | D11: =C11*1.3 -> 13000 | E11: ≤1000 | F11: 1 | G11: <50 | H11: 0.8 | J11: E | K11: 3000 | L11: 3000
A12: 大风险 | B12: B | C12: 8000 | D12: =C12*1.3 -> 10400 | E12: 1001-5000 | F12: 1.2 | G12: 50-100 | H12: 1
A13: 较大风险 | B13: C | C13: 5000 | D13: =C13*1.3 -> 6500 | E13: 5001-10000 | F13: 1.5 | G13: 100-200 | H13: 1.3
A14: 关注风险 | B14: D | C14: 3000 | D14: =C14*1.3 -> 3900 | E14: 10001-20000 | F14: 1.8 | G14: 200-500 | H14: 1.6
A15: 无风险 | B15: E | C15: 3000 | D15: =C15*1.3 -> 3900 | E15: >20000 | F15: 2 | G15: 500-800 | H15: 2
A17: 1. 基础保费 修缮后投保：A：10000，B：8000，C：5000，D：3000，E：3000 直接投保系数：1.3 3. 面积系数 面积越大，风险分散效应越好，但管理成本增加 采用分段递增方式，体现规模效应 4. 保额系数 保额越高，保险公司承担风险越大 采用分段递增方式，与赔偿限额成正比 定价公式 最终保费 = 基础保费 × 面积系数 × 保额系数
A31: 房屋幕墙保险查询系统
A32: 房屋破损程度 （综合风险等级） | D32: 定级 | E32: 投保方式 | F32: 基础保费 | G32: 保险面积(㎡) | H32: 面积系数 | I32: 保额(万元) | J32: 保额系数 | K32: 最终保费
A33: =计算外墙病害风险评分!Q4 -> 较大风险 | D33: =VLOOKUP(A33,A10:B15,2,FALSE) -> C | F33: =VLOOKUP(D33,J7:L11,L6+1,FALSE) -> 6500 | G33: 5 | H33: =INDEX(F11:F15,G33) -> 2 | I33: 5 | J33: =INDEX(H11:H15,I33) -> 2 | K33: =F33*H33*J33 -> 26000
A35: 返回主目录 | B35: 上一步
